,X1,X2,X3,X4,y
0,1.3566,4.2358,2.1341,0.3211,0
1,0.5195,-3.2633,3.0895,-0.9849,0
2,-1.1193,10.7271,2.0938,-5.6504,0
3,1.4378,0.66837,-2.0267,1.0271,1
4,-2.0149,3.6874,-1.9385,-3.8918,1
5,2.9543,1.0759999999999998,0.64577,0.89394,0
6,3.2303,7.8384,-3.5348,-1.2151,0
7,-4.211,-12.4736,14.9704,-1.3884,1
8,-2.6989,12.1984,0.67661,-8.5482,0
9,2.5581,2.6218,1.8513,0.40257,0
10,1.7747,-6.4334,8.15,-0.89828,0
11,-1.6988,-7.1163,5.7902,0.16723,1
12,3.4359,0.6621600000000001,2.1041,1.8922,0
13,-4.2091,4.7283,-0.49126000000000003,-5.2159,1
14,3.3004,7.0811,-1.3258,0.22283000000000003,0
15,3.8496,9.7939,-4.1508,-4.4582,0
16,0.5195,-3.2633,3.0895,-0.9849,0
17,-1.8584,7.886,-1.6643,-1.8384,0
18,2.0153,1.8479,3.1375,0.42843000000000003,0
19,-0.98193,2.7956,-1.2341,-1.5668,1
20,-1.786,-8.1157,7.0858,-1.2112,1
21,-0.2062,9.2207,-3.7044,-6.8103,0
22,3.7321,-3.884,3.3577,-0.0060486,0
23,0.87603,6.8141,0.84198,-0.17156,0
24,-2.8989999999999996,-0.60424,2.6045,1.3776,1
25,-0.52645,-0.24831999999999999,-0.45613000000000004,0.41938000000000003,1
26,0.7049,0.17174,-1.7859,0.36119,1
27,-1.5228,-6.4789,5.7568,0.87325,1
28,-2.41,3.7433,-0.40215,-1.2953,1
29,0.3292,-4.4552,4.5718,-0.9888,0
30,4.2475,1.4816,-0.48355,0.9534299999999999,0
31,2.5678,3.5136,0.61406,-0.40691,0
32,3.583,-3.7971,3.4391,-0.12500999999999998,0
33,4.5679,3.1929,-2.1055,0.29653,0
34,0.91315,3.3377,-4.0557,-1.6741,1
35,-4.0214,-12.8006,15.6199,-0.95647,1
36,3.2585,-4.4614,3.8024,-0.15087,0
37,-3.9172,2.6652,0.78886,-0.7819,1
38,-3.1423,-13.0365,15.6773,-0.66165,1
39,-2.0336,-1.4092,1.1582,0.36507,1
40,3.1557,2.8908,0.5969300000000001,0.79825,0
41,1.5673,7.9274,-0.056842,-2.1694,0
42,1.6988,2.9094,2.9044,0.11033,0
43,2.7206,9.0821,-3.3111,-0.96811,0
44,-4.6765,-5.6636,10.969000000000001,-0.33449,1
45,-4.4861,-13.2889,17.3087,-3.2194,1
46,2.5367,2.5989999999999998,2.0938,0.20085,0
47,4.2969,7.617000000000001,-2.3874,-0.9616399999999999,0
48,-4.8426,-4.9932,10.4052,-0.53104,1
49,-1.3971,3.3191,-1.3927,-1.9948,1
50,-0.40857,3.0977,-2.9607,-2.6892,1
51,0.88444,6.5906,0.55837,-0.44182,0
52,3.9364,10.5885,-3.725,-4.3133,0
53,-3.2051,-0.14279,0.97565,0.045675,1
54,-5.4414,7.2363,0.10937999999999999,-7.5642,1
55,0.47368000000000005,3.3605,-4.5064,-4.0431,1
56,-3.1128,-6.841,10.7402,-1.0172,1
57,-0.75793,2.5349,-3.0464,-1.2629,1
58,-3.9698,3.6812,-0.6000800000000001,-4.0133,1
59,3.7767,9.7794,-3.9075,-3.5323,0
60,5.4021,3.1039,-1.1536,1.5651,0
61,0.83625,1.1071,-2.4706,-0.062945,1
62,0.66365,-0.045533,-0.18794,0.23446999999999998,1
63,3.4642,10.6878,-3.4071,-4.109,0
64,2.9742,8.96,-2.9024,-1.0379,0
65,-4.3667,6.0692,0.57208,-5.4668,1
66,-0.8471,3.1329,-3.0112,-2.9388,1
67,-2.3299,-9.9532,8.4756,-1.8733,1
68,-2.2811,-0.85669,2.7185,0.044382,1
69,-1.4454,-8.4385,8.8483,0.9689399999999999,1
70,-3.7244,1.9037,-0.035421,-2.5095,1
71,4.6562,7.6398,-2.4243,-1.2384,0
72,-0.6987899999999999,-3.3771,4.1211,1.5043,1
73,-2.2482,3.0915,-2.3969,-2.6711,1
74,-2.4621,2.7645,-0.62578,-2.8573,1
75,-0.94255,0.039307,-0.24191999999999997,0.31593000000000004,1
76,0.59823,3.5012,-3.9795,-1.7841,1
77,0.11685999999999999,3.735,-4.4379,-4.3741,1
78,3.5761,9.7753,-3.9795,-3.4638,0
79,4.0948,-2.9674,2.3689,0.75429,0
80,0.18868,0.70148,-0.5118199999999999,0.0055892,1
81,1.7619999999999998,4.3682,2.1384,0.75429,0
82,-2.4198,-0.24418,0.7014600000000001,0.41808999999999996,1
83,0.74841,7.2756,1.1504,-0.5388,0
84,-6.0598,9.2952,-0.43642,-6.3694,1
85,-1.8974,3.5074,-1.7842,-3.8491,1
86,-2.6406,-4.4159,5.983,-0.13924,1
87,2.4226,-4.5752,5.947,0.21506999999999998,0
88,-3.9297,-6.0816,10.0958,-1.0147,1
89,-0.2361,9.3221,2.1307,-4.3793,0
90,-3.3863,-12.9889,13.0545,-2.7202,1
91,0.3798,0.7098,0.7572,-0.4444,0
92,-1.0941,2.3072,-2.5237,-1.4453,1
93,5.3586,3.7557,-1.7345,1.0789,0
94,3.2351,9.647,-3.2074,-2.5948,0
95,-2.3518,-4.8359,6.6479,-0.060358,1
96,1.8114,7.6067,-0.9788,-2.4668,0
97,-1.7063,2.7956,-2.378,-2.3491,1
98,3.4312,6.2637,-1.9513,-0.36165,0
99,-4.7462,3.1205,1.075,-1.2966,1
100,0.6549699999999999,5.1815,1.0673,-0.42113,0
101,5.1321,-0.031048000000000003,0.32616,1.1151,0
102,1.9572,-5.1153,8.6127,-1.4297,0
103,-2.3147,3.6668,-0.6969,-1.2474,1
104,-1.3885,12.5026,0.69118,-7.5487,0
105,3.6181,-3.7454,2.8273,-0.71208,0
106,4.052,-0.16555,0.45383,0.51248,0
107,-0.53966,7.3273,0.46583,-1.4543,0
108,-1.7713,-10.7665,10.2184,-1.0043,1
109,-2.3361,11.9604,3.0835,-5.4435,0
110,-3.3203,-0.026910000000000003,2.9618,-0.44958000000000004,1
111,-0.60254,1.7237,-2.1501,-0.77027,1
112,-0.40951,-0.15521,0.060545,-0.08880700000000001,1
113,3.4647,-3.9172,3.9746,0.36119,0
114,1.7819,6.9176,-1.2744,-1.5759,0
115,0.74307,11.17,-1.3824,-4.0728,0
116,-2.0066,-6.718999999999999,9.0162,0.099985,1
117,-5.1661,8.0433,0.044265,-4.4983,1
118,1.5514,3.8013,-4.9143,-3.7483,1
119,5.8519,5.3905,-2.4037,-0.061652,0
120,1.0235,6.901,-2.0062,-2.7125,0
121,-1.2846,3.2715,-1.7671,-3.2608,1
122,0.3434,0.12415,-0.28733000000000003,0.14654,1
123,1.9340000000000002,-9.2828e-06,4.816,-0.33966999999999997,0
124,0.96788,7.1907,1.2798,-2.4565,0
125,-6.7387,6.9879,0.67833,-7.5887,1
126,-0.8172,3.3812,-3.6684,-3.4560000000000004,1
127,-2.6286,0.18002,1.7956,0.97282,1
128,-2.3277,1.4381,-0.82114,-1.2862,1
129,0.26637,0.73252,-0.67891,0.03533,1
130,4.2756,-2.6528,2.1375,0.94437,0
131,3.7022,6.9942,-1.8511,-0.12889,0
132,-5.2943,-5.1463,10.3332,-1.1181,1
133,2.7744,6.8576,-1.0671,0.075416,0
134,3.2032,5.7588,-0.75345,-0.61251,0
135,0.7589600000000001,0.29175999999999996,-1.6506,0.83834,1
136,-1.2537,10.8803,1.931,-4.3237,0
137,0.64215,3.1287,4.2933,0.6469600000000001,0
138,4.3398,-5.3036,3.8803,-0.70432,0
139,-1.8969,-6.7893,5.2761,-0.32544,1
140,5.086,3.2798,-1.2701,1.1189,0
141,-2.1674,0.12415,-1.0465,-0.86208,1
142,3.4776,8.811,-3.1886,-0.92285,0
143,-1.7559,11.9459,3.0946,-4.8978,0
144,-1.7886,-6.3486,5.6154,0.42583999999999994,1
145,0.23874,2.0879,-3.3522,-0.6655300000000001,1
146,0.8329200000000001,7.5404,0.65005,-0.9254399999999999,0
147,-3.6817,3.2239,-0.69347,-3.4004,1
148,-3.7747,2.5162,0.83341,-0.30993000000000004,1
149,0.14329,-1.0885,1.0039,0.48791,1
150,-1.7479,-5.8229999999999995,5.8699,1.212,1
151,-1.5055,0.070346,6.8681,-0.50648,0
152,3.7982,10.423,-4.1602,-4.9728,0
153,-2.456,-0.24418,1.4041,-0.45863000000000004,1
154,3.577,2.4004,1.8908,0.73231,0
155,-3.3553,0.35591,2.6473,-0.37846,1
156,0.7225199999999999,-0.053811000000000005,5.6703,-1.3509,0
157,4.4295,-2.3507,1.7048,0.90946,0
158,0.3798,0.7098,0.7572,-0.4444,0
159,-1.0112,2.9984,-1.1664,-1.6185,1
160,-3.3604,-0.32696,2.1324,0.6017,1
161,2.3917,4.5565,-4.9888,-2.8987,1
162,-4.2887,-7.8633,11.8387,-1.8978,1
163,-0.71868,-5.7154,3.8298,1.0233,1
164,-4.4996,3.4288,0.56265,-1.1672,1
165,-0.9854,-6.6610000000000005,5.8245,0.5461,1
166,4.1757,10.2615,-3.8552,-4.3056,0
167,3.6702,2.9942,0.85141,0.30688000000000004,0
168,-2.7723,3.2777,-0.9351,-3.1457,1
169,0.049175,6.1437,1.7828,-0.72113,0
170,3.946,6.8514,-1.5443,-0.5582,0
171,1.9321,6.0423,0.26019000000000003,-2.053,0
172,-0.7351,1.7361,-1.4938,-1.1582,1
173,4.4072,-0.070365,2.0416,1.1319,0
174,-2.1234,1.1815,-0.55552,-0.81165,1
175,0.67886,4.1199,-4.569,-4.1414,1
176,-1.7589,-6.4624,8.4773,0.31981,1
177,1.5631,0.89599,-1.9702,0.65472,1
178,2.0139,6.1416,0.37929,0.56938,0
179,5.7403,-0.44283999999999996,0.38015,1.3763,0
180,-0.278,8.1881,-3.1338,-2.5276,0
181,2.108,6.7955,-0.1708,0.4905,0
182,1.0191,2.33,4.9334,0.82929,0
183,3.9121,2.9735,0.9285200000000001,0.60558,0
184,-2.3675,-0.43663,1.692,-0.43018,1
185,4.0715,7.6398,-2.0824,-1.1698,0
186,0.21084,9.4359,-0.09454299999999999,-1.859,0
187,-6.7526,8.8172,-0.061983,-3.725,1
188,3.6894,9.887,-4.0788,-4.3664,0
189,3.4246,-0.14693,0.80342,0.29136,0
190,1.2999,2.5762,2.0107,-0.18967,0
191,-1.239,-6.541,4.8151,-0.033204000000000004,1
192,-0.006891899999999999,9.2931,-0.41243,-1.9638,0
193,-0.071503,3.7412,-4.5415,-4.2526,1
194,0.9829600000000001,3.4226,-3.9692,-1.7116,1
195,2.1319,-2.0403,2.5574,-0.061652,0
196,2.2634,-4.4862,3.6558,-0.61251,0
197,3.6277,0.9829,0.68861,0.63403,0
198,4.0632,3.5839999999999996,0.72545,0.39481,0
199,-2.1405,-0.16762,1.321,-0.20906,1
200,3.1377,-4.1096,4.5701,0.9896299999999999,0
201,-2.5961,-9.349,9.7942,-0.28018000000000004,1
202,-1.6936,2.7852,-2.1835,-1.9276,1
203,3.7831,10.0526,-3.8869,-3.7366,0
204,0.9297,-3.7971,4.6429,-0.2957,0
205,-2.7264,3.9213,-0.49212,-3.6371,1
206,0.38478,6.5989,-0.3336,-0.56466,0
207,-6.2815,6.6651,0.52581,-7.0107,1
208,0.49665,5.527,1.7785,-0.47156000000000003,0
209,-3.8952,3.8157,-0.31304,-3.8194,1
210,5.0452,3.8964,-1.4304,0.8629100000000001,0
211,-3.5060000000000002,-12.5667,15.1606,-0.75216,1
212,-2.0897,10.8265,2.3603,-3.4198,0
213,-1.3995,-1.9162,2.5154,0.59912,1
214,-1.6029,-0.38903000000000004,1.62,1.9103,1
215,3.8962,-4.7904,3.3954,-0.53751,0
216,5.1129,-0.49871000000000004,0.62863,1.1189,0
217,3.931,1.8541,-0.023425,1.2314,0
218,0.518,0.25865,-0.84085,0.9611799999999999,1
219,-2.588,3.8654,-0.3336,-1.2797,1
220,1.3562,3.2136,4.3465,0.78662,0
221,2.7831,10.9796,-3.557,-4.4039,0
222,-1.8046,-6.8141,6.7019,1.1681,1
223,-2.4604,12.7302,0.91738,-7.6418,0
224,-0.10234,1.8189,-2.2169,-0.56725,1
225,3.9232,-3.2467,3.4579,0.83705,0
226,2.031,1.8519999999999999,-3.0121,0.003003,1
227,-2.1668,1.5933,0.045122,-1.6780000000000002,1
228,0.33325,3.3108,-4.5081,-4.012,1
229,1.6426,3.0149,0.22849,-0.147,0
230,-2.0046,-0.49456999999999995,1.3330000000000002,1.6543,1
231,0.74521,3.6357,-4.4044,-4.1414,1
232,0.64295,7.1018,0.3493,-0.41336999999999996,0
233,-0.88728,2.8080000000000003,-3.1432,-1.2035,1
234,1.5077,1.9596,-3.0584,-0.12243,1
235,2.6682,10.216000000000001,-3.4414,-4.0069,0
236,0.64376,3.764,-4.4738,-4.0483,1
237,-1.5075,1.9224,7.1466,0.89136,0
238,0.27331,4.8773,-4.9194,-5.8198,1
239,-1.7599,11.9211,2.6756,-3.3241,0
240,5.591,10.4643,-4.3839,-4.3379,0
241,5.8782,5.9409,-2.8544,-0.60863,0
242,2.8209,7.3108,-0.81857,-1.8784,0
243,0.5706,-0.024841,1.2421,-0.56208,0
244,4.0329,0.23175,0.8908200000000001,1.1823,0
245,-1.8391,-9.0883,9.2416,-0.10432000000000001,1
246,2.565,8.633,-2.9941,-1.3082,0
247,-2.7143,11.4535,2.1092,-3.9629,0
248,-3.9934,5.8333,0.54723,-4.9379,1
249,0.88992,2.2638,-3.1046,-0.11855,1
250,-1.7101,-8.7903,7.9735,-0.45475,1
251,1.8592,3.2074,-0.15966,-0.26208000000000004,0
252,-0.63298,-5.1277,4.5624,1.4797,1
253,0.8887200000000001,5.3449,2.045,-0.19355,0
254,-1.2786,-2.4087,4.5735,0.47626999999999997,1
255,1.3087,4.9228,2.0013,0.22024000000000002,0
256,-1.9409,-8.6848,9.155,0.9404899999999999,1
257,-2.2987,-5.227,5.63,0.91722,1
258,-0.36038000000000003,4.1158,3.1143,-0.37199,0
259,-0.016103,9.7484,0.15394000000000002,-1.6134,0
260,-3.4917,-12.1736,14.3689,-0.61639,1
261,-0.97325,-6.4168,5.6026,1.0323,1
262,4.4338,9.887,-4.6795,-3.7483,0
263,3.6941,-3.9482,4.2625,1.1577,0
264,2.2504,3.5757,0.35273000000000004,0.2836,0
265,1.9429,6.3961,0.092248,0.58102,0
266,3.8999,1.734,1.6011,0.96765,0
267,5.4188,10.1457,-4.084,-3.6991,0
268,-1.9667,11.8052,-0.40471999999999997,-7.8719,0
269,2.6881,6.0195,-0.46641000000000005,-0.6926800000000001,0
270,-1.0292,-6.3879,5.5255,0.79955,1
271,1.6349,3.286,2.8753,0.08705399999999999,0
272,-2.8391,-6.63,10.4849,-0.42113,1
273,-1.9966,-9.5001,9.682,-0.12889,1
274,-3.8053,2.4273,0.6809,-1.0871,1
275,-3.8894,-7.8322,9.8208,0.47498,1
276,3.0009,5.8126,-2.2306,-0.6655300000000001,0
277,2.3952,9.5083,-3.1783,-3.0086,0
278,-2.659,-1.6058,1.3647,0.16464,1
279,2.9856,7.2673,-0.409,-2.2431,0
280,4.6464,10.5326,-4.5852,-4.206,0
281,4.0215,-2.1914,2.4648,1.1409,0
282,-2.0962,-7.1059,6.6188,-0.33708,1
283,-0.16735,7.6274,1.2061,-3.6241,0
284,-1.6641,-1.3678,1.9969999999999999,0.52283,1
285,2.3925,9.798,-3.0361,-2.8224,0
286,2.5698,-4.4076,5.9856,0.078002,0
287,-0.38214000000000004,8.3909,2.1624,-3.7405,0
288,-0.13144,-1.7775,8.3316,0.35214,0
289,0.89566,7.7763,-2.7473,-1.9353,0
290,-2.0285,3.8468,-0.63435,-1.175,1
291,-3.6085,3.3253,-0.51954,-3.5737,1
292,-3.8953,4.0392,-0.3019,-2.1836,1
293,0.025013,3.3998,-4.4327,-4.2655,1
294,5.8862,5.8747,-2.8167,-0.30086999999999997,0
295,3.0242,-3.3378,2.5865,-0.54785,0
296,0.76163,5.8209,1.1959,-0.64613,0
297,-2.286,-5.4484,5.8039,0.88231,1
298,4.1605,11.2196,-3.6136,-4.0819,0
299,-2.9138,-9.4711,9.7668,-0.60216,1
300,-1.3414,-1.9162,-0.15538,-0.11984000000000002,1
301,-1.4094,-2.1252,-0.10397,-0.19225,1
302,4.9923,7.8653,-2.3515,-0.7198399999999999,0
303,-0.27068000000000003,3.2674,-3.5562,-3.0888,1
304,-1.4375,-1.8624,4.026,0.5512699999999999,1
305,0.93584,8.8855,-1.6831,-1.6599,0
306,3.404,8.7261,-2.9915,-0.5724199999999999,0
307,1.4479,-4.8794,8.3428,-2.1086,0
308,-3.5985,-13.6593,17.6052,-2.4927,1
309,0.9297,-3.7971,4.6429,-0.2957,0
310,-0.8980899999999999,-4.4862,2.2009,0.50731,1
311,4.8278,7.7598,-2.4491,-1.2216,0
312,2.2123,-5.8395,7.7687,-0.8530200000000001,0
313,2.7161,-4.2006,4.1914,0.16981,0
314,1.4501,3.6067,-4.0557,-1.5966,1
315,4.1736,3.3336,-1.4244,0.60429,0
316,1.9358,8.1654,-0.023425,-2.2586,0
317,0.25943,5.0097,-5.0394,-6.3862,1
318,-2.5526,-7.3625,6.9255,-0.66811,1
319,3.5912,3.0129,0.72888,0.56421,0
320,0.75736,3.0294,2.9164,-0.068117,0
321,-1.1804,11.5093,0.15565,-6.8194,0
322,-3.6961,-13.6779,17.5795,-2.6181,1
323,4.364,-3.1039,2.3757,0.78532,0
324,0.2952,4.8856,-5.149,-6.2323,1
325,-1.1306,1.8458,-1.3575,-1.3806,1
326,2.3066,3.5364,0.5755100000000001,0.41938000000000003,0
327,0.11592000000000001,3.2219,-3.4302,-2.8457,1
328,4.6352,-3.0087,2.6773,1.212,0
329,2.2034,5.9947,0.53009,0.84998,0
330,-3.8552,3.5219,-0.38415,-3.8608,1
331,-2.3142,-0.68494,1.9833,-0.44828999999999997,1
332,-3.5713,-12.4922,14.8881,-0.47026999999999997,1
333,-2.2527,11.5321,2.5899,-3.2737,0
334,-1.7549,-0.080711,-0.75774,-0.3707,1
335,2.8969,0.70768,2.29,1.8663,0
336,3.3299,0.91254,1.5806,0.39352,0
337,0.60731,3.9544,-4.772,-4.4853,1
338,3.2718,1.7837,2.1161,0.61334,0
339,-4.4775,-13.0303,17.0834,-3.0345,1
340,-1.3659999999999999,0.18416,0.9053899999999999,1.5806,1
341,3.9772,0.33521,2.2566,2.1625,0
342,1.5701,7.9129,0.29018,-2.1953,0
343,2.0911,0.94358,4.5512,1.234,0
344,-1.8411,10.8306,2.7689999999999997,-3.0901,0
345,1.1432,-3.7413,5.5777,-0.63578,0
346,1.1640000000000001,3.9130000000000003,-4.5544,-3.8672,1
347,1.6019999999999999,6.1251,0.5292399999999999,0.47886000000000006,0
348,1.8314,6.3672,-0.036278,0.049554,0
349,2.3678,-6.8389999999999995,8.4207,-0.44828999999999997,0
350,2.0051,-6.8638,8.132,-0.2401,0
351,0.7712399999999999,9.0862,-1.2281,-1.4996,0
352,-1.5322,-5.0966,6.6779,0.17498,1
353,4.9294,0.27726999999999996,0.20792,0.33662,0
354,5.6084,10.3009,-4.8003,-4.3534,0
355,0.80355,2.8473,4.3439,0.6017,0
356,1.3349,6.1189,0.46497,0.49826000000000004,0
357,-2.0042,-9.3676,9.3333,-0.10303,1
358,5.504,10.3671,-4.413,-4.0211,0
359,3.9663,10.1684,-4.1131,-4.6056,0
360,3.8481,10.1539,-3.8561,-4.2228,0
361,4.988,7.2052,-3.2846,-1.1608,0
362,2.5989,3.5178,0.7623,0.81119,0
363,2.6718,5.6574,0.7297399999999999,-1.4892,0
364,-3.5933,0.22968000000000002,0.7126,-0.3332,1
365,0.8620200000000001,2.6963,4.2908,0.5473899999999999,0
366,-3.5741,3.944,-0.07912000000000001,-2.1203,1
367,1.8373,6.1292,0.8402700000000001,0.55257,0
368,4.0972,0.46971999999999997,1.6671,0.9159299999999999,0
369,0.58836,10.7727,-1.3884,-4.3276,0
370,1.3451,0.23589000000000002,-1.8785,1.3258,1
371,3.7791,2.5762,1.3098,0.5655,0
372,-3.0201,-0.6725300000000001,2.7056,0.85774,1
373,-3.9411,-12.8792,13.0597,-3.3125,1
374,-2.8829,3.8964,-0.1888,-1.1672,1
375,-0.539,-5.167000000000001,3.4399,0.052141,1
376,-2.4554,-9.0407,8.862,-0.8698299999999999,1
377,1.9409999999999998,0.46351000000000003,4.6472,1.0879,0
378,-0.28015,3.0729,-3.3857,-2.9155,1
379,0.52855,0.9642700000000001,4.0243,-1.0483,0
380,4.5597,-2.4211,2.6413,1.6168,0
381,0.63655,5.2022,-5.2159,-6.1211,1
382,-0.49241,0.89392,-1.6283,-0.5685399999999999,1
383,4.3239,-4.8835,3.4356,-0.5776,0
384,-2.5912,-0.10554000000000001,1.2798,1.0414,1
385,2.9233,6.0464,-0.11168,-0.58665,0
386,-1.2943,2.6735,-0.84085,-2.0323,1
387,3.534,9.3614,-3.6316,-1.2461,0
388,0.1848,6.5079,2.0133,-0.8724200000000001,0
389,-4.8554,-5.9037,10.9818,-0.82199,1
390,4.6014,5.6264,-2.1235,0.19309,0
391,0.062525,2.9301,-3.5467,-2.6737,1
392,-2.0631,-1.5147,1.219,0.44523999999999997,1
393,0.6005,1.9327,-3.2888,-0.32415,1
394,5.0617,-0.35799000000000003,0.44698000000000004,0.9986799999999999,0
395,-0.4294,-0.14693,0.044265,-0.15605,1
396,-0.65767,-2.8018,3.7115,0.99739,1
397,-2.2183,-1.254,2.9986,0.36378,1
398,2.0962,2.4769,1.9379,-0.040962,0
399,0.2346,-4.5152,2.1195,1.4448,1
400,2.4008,9.3593,-3.3565,-3.3526,0
401,1.7875,4.78,-5.1362,-3.2362,1
402,-6.5235,9.6014,-0.25392,-6.9642,1
403,-4.5531,-12.5854,15.4417,-1.4983,1
404,5.1776,8.2316,-3.2511,-1.5694,0
405,2.1274,5.1939,-1.7971,-1.1763,0
406,2.2893,3.733,0.6312,-0.39786,0
407,-0.55355,-7.9233,6.7156,0.7439399999999999,1
408,-1.6662,-0.30005,1.4238,0.024986,1
409,1.3114,4.5462,2.2935,0.22541,0
410,-4.3773,-5.5167,10.939,-0.4082,1
411,3.5257,1.2829,1.9276,1.7991,0
412,-5.2406,6.6258,-0.19908,-6.8607,1
413,-6.1536,7.9295,0.61663,-3.2646,1
414,-0.87874,-2.2121,-0.051701,0.099985,1
415,2.1265,6.8783,0.44783999999999996,-2.2224,0
416,4.2164,9.4607,-4.9288,-5.2366,0
417,-5.0676,-5.1877,10.4266,-0.86725,1
418,-0.90784,-7.9026,6.7807,0.34179,1
419,0.3223,-0.8980799999999999,8.0883,0.69222,0
420,-2.343,12.9516,3.3285,-5.9426,0
421,-1.3,10.2678,-2.9530000000000003,-5.8638,0
422,-2.3797,-1.4402,1.1273,0.16076,1
423,-0.89569,3.0025,-3.6067,-3.4457,1
424,1.2138,8.7986,-2.1672,-0.74182,0
425,3.4663,1.1112,1.7425,1.3388,0
426,0.66018,10.3878,-1.4029,-3.9151,0
427,2.229,9.6325,-3.1123,-2.7164,0
428,-0.81479,-5.7381,4.3919,0.3211,1
429,-1.4904,-2.2183,1.6054,0.89394,1
430,1.5799,-4.7076,7.9186,-1.5487,0
431,-3.5916,-6.2285,10.2389,-1.1543,1
432,-2.0529,3.8385,-0.7954399999999999,-1.2138,1
433,2.8084,11.3045,-3.3394,-4.4194,0
434,-0.3481,-0.38695999999999997,-0.47841000000000006,0.62627,1
435,0.38251,6.8121,1.8128,-0.61251,0
436,-1.6952,1.0657,8.8294,0.94955,0
437,-4.3967,4.9601,-0.6489199999999999,-5.4719,1
438,0.95626,2.4728,4.4578,0.21636,0
439,-2.7908,-5.7133,5.952999999999999,0.45946000000000004,1
440,3.5499,8.6165,-3.2794,-1.2009,0
441,-1.9881,0.99945,-0.28562,-0.70044,1
442,3.8384,6.1851,-2.0439,-0.033204000000000004,0
443,1.1518,1.3864,5.2727,-0.43536,0
444,5.7867,7.8902,-2.6196,-0.48708,0
445,3.2051,8.6889,-2.9033,-0.7819,0
446,-1.0802,2.1996,-2.5862,-1.2759,1
447,-0.66008,-3.2260000000000004,3.8058,1.1836,1
448,3.5862,-3.0957,2.8093,0.24481,0
449,-1.4377,-1.432,2.1144,0.42067,1
450,-0.9607,2.6963,-3.1226,-1.3121,1
451,-3.2778,1.8023,0.1805,-2.3931,1
452,-1.3931,1.5664,7.5382,0.78403,0
453,6.8248,5.2187,-2.5425,0.5461,0
454,4.7285,2.1065,-0.28305,1.5625,0
455,3.0333,-2.5928,2.3183,0.303,0
456,1.2247,8.7779,-2.2135,-0.80647,0
457,-2.0759,10.8223,2.6439,-4.837,0
458,-0.16108,-6.4624,8.3573,-1.5216,0
459,0.74428,-3.7723,1.6131,1.5754,1
460,0.46901000000000004,-0.63321,7.3848,0.36507,0
461,2.483,6.6155,-0.79287,-0.9086299999999999,0
462,-0.74324,-0.32902,-0.42785,0.23317,1
463,-0.37013,-5.553999999999999,4.7749,1.547,1
464,-0.025314,-0.17382999999999998,-0.11339,1.2198,1
465,0.15423,0.11794,-1.6823,0.59524,1
466,3.7352,9.5911,-3.9032,-3.3487,0
467,3.0632,-3.3315,5.1305,0.8267,0
468,-1.2667,2.8183,-2.426,-1.8862,1
469,-1.3,10.2678,-2.9530000000000003,-5.8638,0
470,3.9294,1.4112,1.8076,0.8978200000000001,0
471,-3.0265,-0.062088,0.68604,-0.055186,1
472,-2.2083,-9.1069,8.9991,-0.28406,1
473,-0.036127,1.525,-1.4089,-0.76121,1
474,3.245,6.63,-0.63435,0.8693700000000001,0
475,3.9719,1.0367,0.75973,1.0013,0
476,4.65,-4.8297,3.4553,-0.25174,0
477,0.77765,5.9781,1.1941,-0.3526,0
478,3.4667,-4.0724,4.2882,1.5418,0
479,2.0177,1.7982,-2.9581,0.2099,1
480,-0.9131799999999999,-2.0113,-0.19565,0.066365,1
481,-1.8629,-0.84841,2.5377,0.097399,1
482,-3.551,1.8955,0.1865,-2.4409,1
483,0.007124899999999999,8.3661,0.50781,-3.8155,0
484,-0.11996,6.8741,0.91995,-0.6694,0
485,-2.2261,12.5398,2.9438,-3.5258,0
486,-1.7344,2.0175,7.7618,0.93532,0
487,0.4283,-0.94981,-1.0731,0.3211,1
488,2.6799,3.1349,0.34073000000000003,0.5848899999999999,0
489,3.5156,10.1891,-4.2759,-4.978,0
490,5.2418,10.5388,-4.1174,-4.2797,0
491,1.5902,2.2948,3.2403,0.18404,0
492,2.4527,2.9653,0.20021,-0.056478999999999994,0
493,4.8368,10.0132,-4.3239,-4.3276,0
494,3.4626,-4.449,3.5427,0.15429,0
495,-0.3489,3.1929,-3.4054,-3.1832,1
496,-3.8203,-13.0551,16.9583,-2.3052,1
497,-3.7573,-8.2916,10.3032,0.38059,1
498,-0.76794,3.4598,-3.4405,-3.4276,1
499,1.2616,4.4303,-1.3335,-1.7517,0
500,3.8969,7.4163,-1.8245,0.14007,0
501,-1.7322,-9.2828,7.718999999999999,-1.7168,1
502,0.50225,0.65388,-1.1793,0.39998,1
503,1.7331,3.9544,-4.7412,-2.5017,1
504,1.8993,7.6625,0.15394000000000002,-3.1108,0
505,-2.234,-7.0314,7.4936,0.61334,1
506,-3.8826,4.898,-0.92311,-5.0801,1
507,3.4819999999999998,-4.1634,3.5008,-0.078462,0
508,0.96414,5.6160000000000005,2.2138,-0.12500999999999998,0
509,5.7456,10.1808,-4.7857,-4.3366,0
510,4.7072,8.2957,-2.5605,-1.4905,0
511,0.50813,0.47798999999999997,-1.9804,0.57714,1
512,3.3951,1.1484,2.1401,2.0862,0
513,1.8994,0.97462,4.2265,0.81377,0
514,1.143,0.83391,5.4552,-0.56984,0
515,-2.7028,1.6327,0.83598,-0.09139299999999999,1
516,-4.2859,8.5234,3.1392,-0.9163899999999999,0
517,0.26516999999999996,2.4066,-2.8416,-0.59958,1
518,0.5706,-0.0248,1.2421,-0.5621,0
519,-1.5449,-10.1498,9.6152,-1.2332,1
520,-1.1005,-7.2508,6.0139,0.36895,1
521,1.7748,-0.76978,5.5854,1.3039,0
522,3.6667,4.302,0.55923,0.33791,0
523,0.5195,-3.2633,3.0895,-0.9849,0
524,3.6922,-3.9585,4.3439,1.3517,0
525,-2.3898,-0.78427,3.0141,0.76205,1
526,0.20215999999999998,1.9182,-3.2828,-0.61768,1
527,-3.5895,-6.572,10.5251,-0.16380999999999998,1
528,-0.17296,-1.1816,1.3818,0.7336,1
529,1.5099,0.039307,6.2332,-0.30346,0
530,-4.3876,-7.7267,11.9655,-1.4543,1
531,-4.0786,2.9239,0.87026,-0.65389,1
532,0.6005,0.99945,-2.2126,0.097399,1
533,3.7798,-3.3109,2.6491,0.066365,0
534,3.3756,-4.0951,4.367,1.0698,0
535,0.5195,-3.2633,3.0895,-0.9849,0
536,-0.78289,11.3603,-0.37644,-7.0495,0
537,2.6415,7.586,-0.28562,-1.6677,0
538,1.4507,8.7903,-2.2324,-0.65259,0
539,1.3049,-0.15521,6.4911,-0.75346,0
540,-2.5419,-0.65804,2.6842,1.1952,1
541,3.7439999999999998,0.79459,0.9585100000000001,1.0077,0
542,-2.0441,1.2271,0.18564,-1.091,1
543,2.2517,-5.1422,4.2916,-1.2487,0
544,-1.9555,0.20692,1.2473,-0.3707,1
545,5.7353,5.2808,-2.2598,0.075416,0
546,-1.0116,-0.19038,-0.90597,0.003003,1
547,-1.1667,-1.4237,2.9241,0.6611899999999999,1
548,3.6077,6.8576,-1.1622,0.28231,0
549,-3.3458,-0.5049100000000001,2.6328,0.53705,1
550,-0.55648,3.2136,-3.3085,-2.7965,1
551,4.3846,-4.8794,3.3662,-0.029324,0
552,-1.7582,2.7397,-2.5323,-2.234,1
553,5.3915,9.9946,-3.8081,-3.3642,0
554,2.1059,7.6046,-0.47755,-1.8461,0
555,-1.4628,-1.5706,2.4357,0.49826000000000004,1
556,-1.4781,0.14277,-1.1622,-0.48578999999999994,1
557,-2.1059,1.1815,-0.5332399999999999,-0.82716,1
558,-3.3884,-8.215,10.3315,0.98187,1
559,-0.9171799999999999,9.9884,1.1804,-5.2263,0
560,-0.9592299999999999,-6.7128,4.9857,0.32886,1
561,0.56953,7.6294,1.5754,-3.2233,0
562,3.1060000000000003,9.5414,-4.2536,-4.003,0
563,1.4806,7.6377,-2.7876,-1.0341,0
564,-1.2792,2.1376,-0.47584,-1.3974,1
565,0.48796999999999996,3.5674,-4.3882,-3.8116,1
566,0.030219,-1.0512,1.4024,0.77369,1
567,3.966,3.9213,0.7057399999999999,0.33662,0
568,-0.10647999999999999,-0.76771,7.7575,0.64179,0
569,4.6689,1.3098,0.055403999999999995,1.909,0
570,4.1195,10.9258,-3.8929,-4.1802,0
571,1.0637,3.6957,-4.1594,-1.9379,1
572,4.2134,-2.806,2.0116,0.6741199999999999,0
573,-3.73,-12.9723,12.9817,-2.6839999999999997,1
574,3.4669,6.87,-1.0568,-0.73147,0
575,-2.7338,0.45523,2.4391,0.21766,1
576,-0.86339,1.9348,-2.3729,-1.0897,1
577,-3.7181,-8.5089,12.363,-0.9551799999999999,1
578,-6.1632,8.7096,-0.21620999999999999,-3.6345,1
579,4.6499,7.6336,-1.9427,-0.37458,0
580,-0.2062,9.2207,-3.7044,-6.8103,0
581,2.8297,6.3485,-0.73546,-0.58665,0
582,3.9166,10.2491,-4.0926,-4.4659,0
583,4.3483,11.1079,-4.0857,-4.2539,0
584,2.4486,-6.3175,7.9632,0.20601999999999998,0
585,-1.3968,-9.6698,9.4652,-0.34872,1
586,-3.0986,-10.4602,8.9717,-2.3427,1
587,5.032,8.2026,-2.6256,-1.0341,0
588,1.5691,6.3465,-0.1828,-2.4099,0
589,5.0214,8.0764,-3.0515,-1.7155,0
590,-3.0866,-6.6362,10.5405,-0.8918200000000001,1
591,1.0284,9.767000000000001,-1.3687,-1.7853,0
592,-0.27802,8.1881,-3.1338,-2.5276,0
593,2.9695,5.6222,0.27560999999999997,-1.1556,0
594,-1.9983,-6.6072,4.8254,-0.41984,1
595,3.9362,10.1622,-3.8235,-4.0172,0
596,6.5633,9.8187,-4.4113,-3.2258,0
597,-2.8833,1.7713,0.6894600000000001,-0.4638,1
598,2.0843,6.6258,0.48382,-2.2134,0
599,-0.023579,7.1742,0.78457,-0.75734,0
600,-3.0,-9.1566,9.5766,-0.73018,1
601,4.3848,-3.0729,3.0423,1.2741,0
602,4.1542,7.2756,-2.4766,-1.2099,0
603,2.0165,-0.25246,5.1707,1.0763,0
604,1.0117,0.9022,-2.3506,0.42713999999999996,1
605,-1.2576,1.5892,7.0078,0.42455,0
606,2.9571,-4.5938,5.9068,0.57196,0
607,-0.49081,2.8452,-3.6436,-3.1004,1
608,2.0421,1.2436,4.2171,0.9042899999999999,0
609,0.39559,6.8866,1.0588,-0.67587,0
610,1.9818,9.2621,-3.5210000000000004,-1.8719999999999999,0
611,-3.6053,-5.974,10.0916,-0.8284600000000001,1
612,-2.9821,4.1986,-0.5898,-3.9642,1
613,-1.5621,-2.2121,4.2591,0.27971999999999997,1
614,-2.7083,-6.8266,7.5339,0.59007,1
615,2.4235,9.5332,-3.0789,-2.7746,0
616,4.7114,2.0755,-0.2702,1.2379,0
617,2.1881,2.7356,1.3278,-0.1832,0
618,2.5605,9.2683,-3.5913,-1.3559999999999999,0
619,0.94225,5.8561,1.8762,-0.32544,0
620,-2.5084,-0.22763000000000003,1.4880000000000002,1.2069,1
621,3.3577,-4.3062,6.0241,0.18274,0
622,5.1213,8.5565,-3.3917,-1.5474,0
623,4.0962,10.1891,-3.9323,-4.1827,0
624,3.9771,11.1513,-3.9272,-4.3444,0
625,-1.2424,-1.7175,-0.52553,-0.21036,1
626,-2.4725,-0.40145,1.4855,1.1189,1
627,-5.525,6.3258,0.8976799999999999,-6.6241,1
628,2.2429,-4.1427,5.2333,-0.40173000000000003,0
629,4.2899,9.1814,-4.6067,-4.3263,0
630,-0.72068,-6.7583,5.8408,0.62369,1
631,2.6213,5.7919,0.06568600000000001,-1.5759,0
632,-1.5951,-6.572,4.7689,-0.9435399999999999,1
633,-0.2951,9.0489,-0.52725,-2.0789,0
634,3.8417,10.0215,-4.2699,-4.9159,0
635,-2.0754,1.2767,-0.6420600000000001,-1.2642,1
636,1.581,0.8690899999999999,-2.3138,0.8241200000000001,1
637,0.86816,10.2429,-1.4912,-4.0082,0
638,4.5645,-3.6275,2.8684,0.27714,0
639,-1.749,-6.332000000000001,6.0987,0.14265999999999998,1
640,-0.7056,8.7241,2.2215,-4.5965,0
641,-0.45061999999999997,-1.3678,7.0858,-0.40303,0
642,4.0552,0.40143,1.4563,0.6534300000000001,0
643,-1.4446,2.1438,-0.47241000000000005,-1.6677,1
644,3.3583,10.3567,-3.7301,-3.6991,0
645,-0.53072,-0.097265,-0.21793,1.0426,1
646,3.9262,6.0299,-2.0156,-0.06553099999999999,0
647,3.1836,7.2321,-1.0713,-2.5909,0
648,-1.6162,0.80908,8.1628,0.60817,0
649,5.681,7.795,-2.6848,-0.9254399999999999,0
650,-5.119,6.6486,-0.049987000000000004,-6.5206,1
651,-0.36279,8.2895,-1.9213,-3.3332,0
652,1.3183,1.9017,-3.3111,0.065071,1
653,2.0597,-0.99326,5.2119,-0.29312,0
654,-5.1216,-5.3118,10.3846,-1.0612,1
655,0.9657399999999999,8.392999999999999,-1.361,-1.4659,0
656,2.2546,8.0992,-0.24877,-3.2698,0
657,2.5068,1.1588,3.9249,0.12585,0
658,3.0329,2.2948,2.1135,0.35084,0
659,-0.46651000000000004,2.3383,-2.9812,-1.0431,1
660,2.9421,7.4101,-0.97709,-0.8840600000000001,0
661,1.2279,4.0309,-4.6435,-3.9125,1
662,-0.77461,-1.8768,2.4023,1.1319,1
663,2.4859999999999998,-0.9953299999999999,5.3404,-0.15475,0
664,-5.0301,7.5032,-0.13396,-7.5034,1
665,-1.5877,-6.6072,5.8022,0.31593000000000004,1
666,1.1558,6.4003,1.5506,0.6961,0
667,4.2406,-2.4852,1.608,0.7155,0
668,4.0446,11.1741,-4.3582,-4.7401,0
669,-0.69572,8.6165,1.8419,-4.3289,0
670,0.3798,0.7098,0.7572,-0.4444,0
671,0.0096613,3.5612,-4.407,-4.4103,1
672,1.0182,9.109,-0.62064,-1.7129,0
673,3.7569999999999997,-5.4236,3.8255,-1.2526,0
674,-0.49948000000000004,1.7734,-2.2469,-0.68104,1
675,-3.9933,2.6218,0.62863,-1.1595,1
676,-1.3,10.2678,-2.9530000000000003,-5.8638,0
677,-4.9447,3.3005,1.063,-1.444,1
678,-1.9116,-6.1603,5.606,0.48533000000000004,1
679,3.8027,0.81529,2.1041,1.0245,0
680,3.4805,9.7008,-3.7541,-3.4379,0
681,5.0297,-4.9704,3.5025,-0.23751,0
682,1.1644,3.8095,-4.9408,-4.0909,1
683,-2.9098,-10.0712,8.4156,-1.9948,1
684,4.3064,8.2068,-2.7824,-1.4336,0
685,-2.2214,-0.23798000000000002,0.56008,0.05602000000000001,1
686,-7.0421,9.2,0.25933,-4.6832,1
687,-3.1366,0.42212,2.6225,-0.064238,1
688,-2.6864,-0.097265,0.61663,0.061191999999999996,1
689,-1.6706,-2.09,1.584,0.71162,1
690,-2.7611,-10.5099,9.0239,-1.9547,1
691,1.208,4.0744,-4.7635,-2.6129,1
692,-3.3793,-13.7731,17.9274,-2.0323,1
693,-5.0477,-5.8023,11.244000000000002,-0.3901,1
694,0.55298,-3.4619,1.7048,1.1008,1
695,-0.33729000000000003,-0.64976,7.6659,0.72326,0
696,3.5829,1.4423,1.0219,1.4008,0
697,-2.5899,-0.3911,0.93452,0.42972,1
698,3.8846,-3.0336,2.5334,0.20214000000000001,0
699,-2.9146,4.0537,-0.45698999999999995,-4.0327,1
700,3.9922,-4.4676,3.7304,-0.1095,0
701,3.3848,3.2674,0.9096700000000001,0.25128,0
702,2.7365,-5.0325,6.6608,-0.57889,0
703,5.2620000000000005,3.9834,-1.5572,1.0103,0
704,-1.2568,-1.4733,2.8718,0.44653000000000004,1
705,1.3403,4.1323,-4.7018,-2.5987,1
706,-0.8734,1.6533,-2.1964,-0.78061,1
707,1.7317,-0.34765,4.1905,-0.9913799999999999,0
708,-2.4941,3.5447,-1.3721,-2.8483,1
709,-0.278,8.1881,-3.1338,-2.5276,0
710,2.5328,7.528,-0.41928999999999994,-2.6478,0
711,4.5691,-4.4552,3.1769,0.004296100000000001,0
712,1.2262,0.89599,5.7568,-0.11596,0
713,-4.1429,2.7749,0.68261,-0.7198399999999999,1
714,2.9939999999999998,7.2011,-1.2153,0.3211,0
715,0.81583,4.84,-5.2613,-6.0823,1
716,1.2706,8.035,-0.19651,-2.1888,0
717,1.0652,8.3682,-1.4004,-1.6509,0
718,-1.4427,3.2922,-1.9702,-3.4392,1
719,2.0466,2.03,2.1761,-0.083634,0
720,3.4916,8.5709,-3.0326,-0.59182,0
721,3.5594,1.3078,1.291,1.6556,0
722,5.3063,5.2684,-2.8904,-0.5271600000000001,0
723,1.9105,8.871,-2.3386,-0.7560399999999999,0
724,-3.0731,-0.53181,2.3877,0.77627,1
725,5.1731,3.9606,-1.983,0.40774,0
726,-1.2244,1.7485,-1.4801,-1.4181,1
727,1.0607,2.4542,2.5188,-0.17027,0
728,1.8533,6.1458,1.0176,-2.0401,0
729,0.6212,3.6771,-4.0771,-2.0711,1
730,-2.3629,-0.10554000000000001,1.9336,1.1358,1
731,-2.3211,3.1660000000000004,-1.0002,-2.7151,1
732,2.6648,10.754000000000001,-3.3994,-4.1685,0
733,-0.78689,9.5663,-3.7867,-7.5034,0
734,4.1711,8.722000000000001,-3.0224,-0.5969899999999999,0
735,-2.8267,-9.0407,9.0694,-0.9823299999999999,1
736,2.6104,8.0081,-0.23592,-1.7608,0
737,2.9499,2.2493,1.3458,-0.037083,0
738,-2.0662,0.16967000000000002,-1.0054,-0.82975,1
739,-3.8483,-12.8047,15.6824,-1.281,1
740,-2.5724,-0.9560200000000001,2.7073,-0.16639,1
741,-6.3679,8.0102,0.4247,-3.2207,1
742,0.8829799999999999,0.66009,6.0096,-0.43277,0
743,-2.5373,-6.959,8.8054,1.5289,1
744,1.3234,3.2964,0.2362,-0.11984000000000002,0
745,0.21431,-0.69529,0.8771100000000001,0.29653,1
746,-0.048007999999999995,-1.6037,8.4756,0.75558,0
747,-5.4808,8.1819,0.27818000000000004,-5.0323,1
748,-1.5078,-7.3191,7.8981,1.2289,1
749,3.4769,-0.15314,2.53,2.4495,0
750,3.6582,5.6864,-1.7157,-0.23751,0
751,-2.121,-0.05587999999999999,1.949,1.3530000000000002,1
752,3.3669,-5.1856,3.6935,-1.1427,0
753,0.7376,4.8525,-4.7986,-5.6659,1
754,2.8561,6.9176,-0.79372,0.48403,0
755,2.3136,10.6651,-3.5288,-4.7672,0
756,-1.5222,10.8409,2.7827,-4.0974,0
757,-0.9358700000000001,-5.1008,4.5367,1.3866,1
758,1.6472,0.48213,4.7449,1.225,0
759,-2.4365,3.6026,-1.4166,-2.8948,1
760,-1.0555,0.79459,-1.6968,-0.46768000000000004,1
761,3.1088,3.1122,0.80857,0.4336,0
762,-0.24745,1.9368,-2.4697,-0.80518,1
763,1.7257,-4.4697,8.2219,-1.8073,0
764,-1.8584,7.886,-1.6643,-1.8384,0
765,-0.8940899999999999,3.1991,-1.8219,-2.9452,1
766,-4.2932,3.3419,0.77258,-0.99785,1
767,2.1943,4.5503,-4.976,-2.7254,1
768,1.1472,3.5985,1.9387,-0.43406000000000006,0
769,-2.9019999999999997,-7.6563,11.8318,-0.8426799999999999,1
770,1.5478,9.1814,-1.6326,-1.7375,0
771,2.7659,0.6621600000000001,4.1494,-0.28406,0
772,-3.1158,-8.6289,10.4403,0.9715299999999999,1
773,3.9433,2.5017,1.5215,0.903,0
774,1.9476,-4.7738,8.527000000000001,-1.8668,0
775,-1.4174,-2.2535,1.518,0.6198100000000001,1
776,4.9264,5.496,-2.4774,-0.50648,0
777,-1.3274,9.498,2.4408,-5.2689,0
778,-2.3242,11.5176,1.8231,-5.375,0
779,4.0296,2.6756,0.80685,0.7167899999999999,0
780,2.7391,7.4018,0.071684,-2.5302,0
781,-1.0833,-0.31246999999999997,1.2815,0.41291000000000005,1
782,-1.7697,3.4329,-1.2144,-2.3789,1
783,1.742,-4.809,8.2142,-2.0659,0
784,-4.8861,7.0542,-0.17252,-6.959,1
785,-1.1859,-1.2519,2.2635,0.7723899999999999,1
786,2.8237,2.8597,0.19677999999999998,0.57196,0
787,-6.3979,6.4479,1.0836,-6.6176,1
788,-0.51003,-0.23590999999999998,0.020273,0.76334,1
789,-0.014902,-1.0243,-0.94024,0.64955,1
790,-6.9599,8.9931,0.2182,-4.572,1
791,-0.7149399999999999,-4.4448,2.2241,0.49826000000000004,1
792,4.5459,8.1674,-2.4586,-1.4621,0
793,-1.3066,0.25244,0.7623,1.7758,1
794,0.27451,9.2186,-3.2863,-4.8448,0
795,5.0185,8.5978,-2.9375,-1.281,0
796,-0.9592299999999999,0.091039,6.2204,-1.4828,0
797,-2.2625,-0.099335,2.8127,0.48662,1
798,0.0040545,0.62905,-0.6412100000000001,0.75817,1
799,3.5152,6.8224,-0.67377,-0.46898,0
800,1.4884,3.6274,3.3080000000000003,0.48921000000000003,0
801,-1.8483,0.31038000000000004,0.77344,1.4189,1
802,5.438,9.4669,-4.9417,-3.9202,0
803,-0.12195999999999999,8.8068,0.9456600000000001,-4.2267,0
804,-2.2677,3.2964,-2.2563,-2.4642,1
805,0.5706,-0.0248,1.2421,-0.5621,0
806,-2.2617,-4.7428,6.3489,0.11162000000000001,1
807,-1.5732,1.0636,-0.71232,-0.8388,1
808,2.0193,0.8235600000000001,4.6369,1.4202,0
809,2.5635,6.7769,-0.61979,0.38576,0
810,-0.40804,0.54214,-0.52725,0.6586,1
811,-1.3907,-1.3781,2.3055,-0.021566,1
812,2.4196,6.4665,-0.75688,0.228,0
813,-2.3983,12.606,2.9464,-5.7888,0
814,-6.5773,6.8017,0.85483,-7.5344,1
815,-0.41965,2.9094,-1.7859,-2.2069,1
816,-3.8167,5.1401,-0.65063,-5.4306,1
817,0.93611,8.6413,-1.6351,-1.3043,0
818,-1.6386,3.3584,-1.7302,-3.5646,1
819,4.4682,2.2907,0.9576600000000001,0.8305799999999999,0
820,-0.83535,0.80494,-1.6411,-0.19225,1
821,-3.7503,-13.4586,17.5932,-2.7771,1
822,3.866,-2.6383,1.9242,0.10645,0
823,-1.7104,-4.7780000000000005,6.2109,0.3974,1
824,-1.1022,-5.8395,4.5641,0.68705,1
825,4.8272,3.0687,0.68604,0.8073100000000001,0
826,2.6606,3.1681,1.9619,0.18662,0
827,-2.1333,1.5685,-0.084261,-1.7453,1
828,-4.0173,-8.3123,12.4547,-1.4375,1
829,-2.6479,10.1374,-1.331,-5.4707,0
830,4.9342,2.4107,-0.17594,1.6245,0
831,-1.6176,1.0926,-0.35502,-0.59958,1
832,-4.4018,-12.9371,15.6559,-1.6806,1
833,-1.4233,-0.9891200000000001,2.3586,0.39481,1
834,3.1887,-3.4143,2.7742,-0.2026,0
835,-0.16682,5.8974,0.49838999999999994,-0.70044,0
836,0.52374,3.6439999999999997,-4.0746,-1.9909,1
837,0.54777,10.3754,-1.5435,-4.1633,0
838,0.33565,6.8369,0.69718,-0.55691,0
839,-2.0891,-0.48422,1.704,1.7435,1
840,-2.3142,2.0838,-0.46813,-1.6767,1
841,-1.9725,2.8825,-2.3086,-2.3724,1
842,3.4566,9.5228,-4.0112,-3.5944,0
843,3.1541,-5.1711,6.5991,0.57455,0
844,-5.3857,9.1214,-0.41928999999999994,-5.9181,1
845,-2.4835,-7.4494,6.8964,-0.64484,1
846,3.5438,1.2395,1.9969999999999999,2.1547,0
847,3.9414,-3.2902,3.1674,1.0866,0
848,0.17346,7.8695,0.26876,-3.7883,0
849,-5.6370000000000005,8.1261,0.13080999999999998,-5.0142,1
850,4.8077,2.2327,-0.26334,1.5534,0
851,1.1166,8.6496,-0.96252,-1.8112,0
852,1.6032,-4.7863,8.5193,-2.1203,0
853,2.2596,-0.033118,4.7355,-0.2776,0
854,2.9163,10.8306,-3.3437,-4.122,0
855,-1.8030000000000002,11.8818,2.0458,-5.2728,0
856,-2.0659,1.0512,-0.46298,-1.0974,1
857,-0.38388,-1.0471,8.0514,0.49567,0
858,1.5268,-5.5871,8.6564,-1.722,0
859,0.96441,5.8395,2.3235,0.066365,0
860,-2.6685,-10.4519,9.1139,-1.7323,1
861,2.0922,-6.81,8.4636,-0.60216,0
862,-2.4349,-9.2497,8.9922,-0.5000100000000001,1
863,2.1752,-0.8091,5.1022,-0.67975,0
864,1.7425,3.6833,-4.0129,-1.7207,1
865,1.7939,-1.1174,1.5454,-0.26079,0
866,1.0194,1.1029,-2.3,0.59395,1
867,-1.8448,1.254,0.27218000000000003,-1.0728,1
868,0.6818,4.8504,-5.2133,-6.1043,1
869,1.5356,9.1772,-2.2718,-0.73535,0
870,2.2279,4.0951,-4.8037,-2.1112,1
871,2.1526,-6.1665,8.0831,-0.34355,0
872,2.2526,9.9636,-3.1749,-2.9944,0
873,-3.1273,-7.1121,11.3897,-0.083634,1
874,-0.39416,-0.020702,-0.06626699999999999,-0.44698999999999994,1
875,0.61652,3.8944,-4.7275,-4.3948,1
876,4.8906,-3.3584,3.4202,1.0905,0
877,1.6408,4.2503,-4.9023,-2.6621,1
878,-2.4824,-7.3046,6.8389999999999995,-0.59053,1
879,4.2188,6.8162,-1.2804,0.76076,0
880,1.04,-6.9321,8.2888,-1.2991,0
881,4.1927,-3.2674,2.5839,0.21766,0
882,0.5593899999999999,-0.3104,0.18307,0.44653000000000004,1
883,-2.6479,10.1374,-1.331,-5.4707,0
884,0.20976999999999998,-0.46146000000000004,7.7267,0.90946,0
885,-0.21888000000000002,-2.2038,-0.0954,0.56421,1
886,3.4591,11.112,-4.2039,-5.0931,0
887,-1.8348,11.0334,3.1863,-4.8888,0
888,-0.09219400000000001,0.39315,-0.32846,-0.13794,1
889,-1.1391,1.8127,6.9144,0.70127,0
890,-0.59587,2.4811,-2.8673,-0.89828,1
891,-0.24811,-0.17797000000000002,4.9068,0.15429,0
892,3.359,9.8022,-3.8209,-3.7133,0
893,1.6849,8.7489,-1.2641,-1.3858,0
894,2.614,8.0081,-3.7258,-1.3069,0
895,1.2572,4.8731,-5.2861,-5.8741,1
896,-0.82053,0.65181,-0.48868999999999996,-0.5271600000000001,1
897,-1.6637,3.2881,-2.2701,-2.2224,1
898,4.3634,0.46351000000000003,1.4281,2.0202,0
899,-2.1979,-2.1252,1.7151,0.45171000000000006,1
